{
  "tx_volume": {
    "feature_names": [
      "소상공_평균",
      "소상공_추세",
      "카페_평균",
      "카페_추세",
      "유동_평균",
      "유동_추세",
      "지가_평균",
      "지가_추세",
      "인과_lag평균"
    ],
    "controllable_mask": [
      true,
      false,
      true,
      false,
      true,
      false,
      false,
      false,
      false
    ],
    "controllable_indices": [
      0,
      2,
      4
    ],
    "controllable_features": [
      "소상공_평균",
      "카페_평균",
      "유동_평균"
    ],
    "excluded_features": [
      "거래_평균",
      "거래_추세"
    ],
    "n_rows": 1,
    "n_features": 9,
    "r2_train": NaN,
    "target": "tx_volume",
    "pkl_file": "reverse_whatif_model_tx.pkl",
    "dong_codes": [
      4115011000
    ],
    "X_sample_first3": [
      [
        0.00026842,
        0.0026124005832925436,
        4.0085e-05,
        0.001499409131147472,
        0.01850857,
        -0.001918762311783361,
        1.7399858333333333,
        0.0035286359850226143,
        0
      ]
    ],
    "Y_sample_first3": [
      8e-06
    ]
  },
  "visitors_total": {
    "feature_names": [
      "소상공_평균",
      "소상공_추세",
      "카페_평균",
      "카페_추세",
      "거래_평균",
      "거래_추세",
      "지가_평균",
      "지가_추세",
      "인과_lag평균"
    ],
    "controllable_mask": [
      true,
      false,
      true,
      false,
      false,
      false,
      false,
      false,
      false
    ],
    "controllable_indices": [
      0,
      2
    ],
    "controllable_features": [
      "소상공_평균",
      "카페_평균"
    ],
    "excluded_features": [
      "유동_평균",
      "유동_추세"
    ],
    "n_rows": 130,
    "n_features": 9,
    "r2_train": 0.930611,
    "target": "visitors_total",
    "pkl_file": "reverse_whatif_model_vis.pkl",
    "dong_codes": [
      "11680500",
      "11680510",
      "11680520",
      "11680530",
      "11680540",
      "11740500",
      "11740510",
      "11740520",
      "11740530",
      "11740540",
      "11305500",
      "11305510",
      "11305520",
      "11305530",
      "11305540",
      "11500500",
      "11500510",
      "11500520",
      "11500530",
      "11500540",
      "11620500",
      "11620510",
      "11620520",
      "11620530",
      "11620540",
      "11215500",
      "11215510",
      "11215520",
      "11215530",
      "11215540",
      "11530500",
      "11530510",
      "11530520",
      "11530530",
      "11530540",
      "11545500",
      "11545510",
      "11545520",
      "11545530",
      "11545540",
      "11350500",
      "11350510",
      "11350520",
      "11350530",
      "11350540",
      "11320500",
      "11320510",
      "11320520",
      "11320530",
      "11320540",
      "11230500",
      "11230510",
      "11230520",
      "11230530",
      "11230540",
      "11590500",
      "11590510",
      "11590520",
      "11590530",
      "11590540",
      "11440500",
      "11440510",
      "11440520",
      "11440530",
      "11440540",
      "11410500",
      "11410510",
      "11410520",
      "11410530",
      "11410540",
      "11650500",
      "11650510",
      "11650520",
      "11650530",
      "11650540",
      "11200500",
      "11200510",
      "11200520",
      "11200530",
      "11200540",
      "11290500",
      "11290510",
      "11290520",
      "11290530",
      "11290540",
      "11710500",
      "11710510",
      "11710520",
      "11710530",
      "11710540",
      "11470500",
      "11470510",
      "11470520",
      "11470530",
      "11470540",
      "11560500",
      "11560510",
      "11560520",
      "11560530",
      "11560540",
      "11170500",
      "11170510",
      "11170520",
      "11170530",
      "11170540",
      "11380500",
      "11380510",
      "11380520",
      "11380530",
      "11380540",
      "11110500",
      "11110510",
      "11110520",
      "11110530",
      "11110540",
      "11140500",
      "11140510",
      "11140520",
      "11140530",
      "11140540",
      "11260500",
      "11260510",
      "11260520",
      "11260530",
      "11260540",
      "26230",
      "26231",
      "26232",
      "26233",
      "26234"
    ],
    "X_sample_first3": [
      [
        0.00089225,
        0.09486583336888359,
        0.0002877833333333334,
        0.09643041734008254,
        7.004666666666667e-05,
        0.09453679138015052,
        14.142597716666668,
        0.09207432659903812,
        3.7
      ],
      [
        0.0010516,
        0.0944325190135246,
        0.0003351333333333333,
        0.0961711882826668,
        6.7705e-05,
        0.09935685560092768,
        14.9625597,
        0.09631645436057036,
        3.8
      ],
      [
        0.0008392166666666667,
        0.09615072842594648,
        0.00026933333333333334,
        0.09508929995498672,
        6.837166666666667e-05,
        0.08302787569656586,
        12.7598214,
        0.09938124871299135,
        3.4
      ]
    ],
    "Y_sample_first3": [
      0.04505,
      0.06156,
      0.054369
    ]
  },
  "tx_per_visitor": {
    "feature_names": [
      "소상공_평균",
      "소상공_추세",
      "카페_평균",
      "카페_추세",
      "지가_평균",
      "지가_추세",
      "인과_lag평균"
    ],
    "controllable_mask": [
      true,
      false,
      true,
      false,
      false,
      false,
      false
    ],
    "controllable_indices": [
      0,
      2
    ],
    "controllable_features": [
      "소상공_평균",
      "카페_평균"
    ],
    "excluded_features": [
      "유동_평균",
      "유동_추세",
      "거래_평균",
      "거래_추세"
    ],
    "n_rows": 130,
    "n_features": 7,
    "r2_train": 0.858751,
    "target": "tx_per_visitor",
    "pkl_file": "reverse_whatif_model_tpv.pkl",
    "dong_codes": [
      "11680500",
      "11680510",
      "11680520",
      "11680530",
      "11680540",
      "11740500",
      "11740510",
      "11740520",
      "11740530",
      "11740540",
      "11305500",
      "11305510",
      "11305520",
      "11305530",
      "11305540",
      "11500500",
      "11500510",
      "11500520",
      "11500530",
      "11500540",
      "11620500",
      "11620510",
      "11620520",
      "11620530",
      "11620540",
      "11215500",
      "11215510",
      "11215520",
      "11215530",
      "11215540",
      "11530500",
      "11530510",
      "11530520",
      "11530530",
      "11530540",
      "11545500",
      "11545510",
      "11545520",
      "11545530",
      "11545540",
      "11350500",
      "11350510",
      "11350520",
      "11350530",
      "11350540",
      "11320500",
      "11320510",
      "11320520",
      "11320530",
      "11320540",
      "11230500",
      "11230510",
      "11230520",
      "11230530",
      "11230540",
      "11590500",
      "11590510",
      "11590520",
      "11590530",
      "11590540",
      "11440500",
      "11440510",
      "11440520",
      "11440530",
      "11440540",
      "11410500",
      "11410510",
      "11410520",
      "11410530",
      "11410540",
      "11650500",
      "11650510",
      "11650520",
      "11650530",
      "11650540",
      "11200500",
      "11200510",
      "11200520",
      "11200530",
      "11200540",
      "11290500",
      "11290510",
      "11290520",
      "11290530",
      "11290540",
      "11710500",
      "11710510",
      "11710520",
      "11710530",
      "11710540",
      "11470500",
      "11470510",
      "11470520",
      "11470530",
      "11470540",
      "11560500",
      "11560510",
      "11560520",
      "11560530",
      "11560540",
      "11170500",
      "11170510",
      "11170520",
      "11170530",
      "11170540",
      "11380500",
      "11380510",
      "11380520",
      "11380530",
      "11380540",
      "11110500",
      "11110510",
      "11110520",
      "11110530",
      "11110540",
      "11140500",
      "11140510",
      "11140520",
      "11140530",
      "11140540",
      "11260500",
      "11260510",
      "11260520",
      "11260530",
      "11260540",
      "26230",
      "26231",
      "26232",
      "26233",
      "26234"
    ],